<PAMDataset>
  <PAMRasterBand band="1">
    <ColorInterp>Palette</ColorInterp>
    <CategoryNames>
      <Category>Subtropic - warm / arid</Category>
      <Category>Subtropic - warm / semiarid</Category>
      <Category>Subtropic - warm / subhumid</Category>
      <Category>Subtropic - warm / humid</Category>
      <Category>Subtropic - cool / arid</Category>
      <Category>Subtropic - cool / semiarid</Category>
      <Category>Subtropic - cool / subhumid</Category>
      <Category>Tropic - warm / arid</Category>
      <Category>Tropic - warm / semiarid</Category>
      <Category>Tropic - warm / subhumid</Category>
      <Category>Tropic - warm / humid</Category>
      <Category>Tropic - cool / arid</Category>
      <Category>Tropic - cool / semiarid</Category>
      <Category>Tropic - cool / subhumid</Category>
      <Category>Tropic - cool / humid</Category>
    </CategoryNames>
    <ColorTable>
      <Entry c1="194" c2="56" c3="79" c4="255" />
      <Entry c1="230" c2="189" c3="184" c4="255" />
      <Entry c1="240" c2="87" c3="53" c4="255" />
      <Entry c1="204" c2="119" c3="98" c4="255" />
      <Entry c1="250" c2="60" c3="76" c4="255" />
      <Entry c1="250" c2="130" c3="152" c4="255" />
      <Entry c1="184" c2="123" c3="131" c4="255" />
      <Entry c1="108" c2="158" c3="65" c4="255" />
      <Entry c1="85" c2="39" c3="163" c4="255" />
      <Entry c1="0" c2="115" c3="76" c4="255" />
      <Entry c1="37" c2="125" c3="168" c4="255" />
      <Entry c1="190" c2="232" c3="255" c4="255" />
      <Entry c1="211" c2="255" c3="190" c4="255" />
      <Entry c1="46" c2="158" c3="134" c4="255" />
      <Entry c1="132" c2="0" c3="168" c4="255" />
    </ColorTable>
    <Metadata>
      <MDI key="STATISTICS_MAXIMUM">14</MDI>
      <MDI key="STATISTICS_MEAN">8.3810676366429</MDI>
      <MDI key="STATISTICS_MINIMUM">0</MDI>
      <MDI key="STATISTICS_STDDEV">2.2802191538265</MDI>
    </Metadata>
  </PAMRasterBand>
</PAMDataset>
